☺Circolare{classe=Classe{annoClasse=3, sezione=X, articolazione=A}, tipo=e, data=0.0.0, motivazione=MlFeWOroSa, annotazioni=gKnHLuPKhV, numeroCircolare=0}☺
☺Circolare{classe=Classe{annoClasse=3, sezione=X, articolazione=A}, tipo=e, data=0.0.0, motivazione=AIYejbfSJE, annotazioni=lRmnVVNyuj, numeroCircolare=0}☺
☺Circolare{classe=Classe{annoClasse=3, sezione=X, articolazione=A}, tipo=e, data=0.0.0, motivazione=pdGDXyQBco, annotazioni=FSagovMMLL, numeroCircolare=0}☺
☺Circolare{classe=Classe{annoClasse=3, sezione=X, articolazione=A}, tipo=e, data=0.0.0, motivazione=pYzsvRMisD, annotazioni=gxpqqWkKsz, numeroCircolare=0}☺
☺Circolare{classe=Classe{annoClasse=3, sezione=X, articolazione=A}, tipo=e, data=0.0.0, motivazione=cgvYLtpTGv, annotazioni=gIOnkwRuSv, numeroCircolare=0}☺
☺Circolare{classe=Classe{annoClasse=3, sezione=X, articolazione=A}, tipo=e, data=0.0.0, motivazione=gYXUXmNFBD, annotazioni=JJLtiUtRRZ, numeroCircolare=0}☺
☺Circolare{classe=Classe{annoClasse=3, sezione=X, articolazione=A}, tipo=e, data=0.0.0, motivazione=gJiYcqwFRe, annotazioni=cDMhPCipJf, numeroCircolare=0}☺
☺Circolare{classe=Classe{annoClasse=3, sezione=X, articolazione=A}, tipo=e, data=0.0.0, motivazione=EyITXkBRzf, annotazioni=zhFEsaUdsS, numeroCircolare=0}☺
☺Circolare{classe=Classe{annoClasse=3, sezione=X, articolazione=A}, tipo=e, data=0.0.0, motivazione=ipwFrCRFxx, annotazioni=BEnTUIukvD, numeroCircolare=0}☺
☺Circolare{classe=Classe{annoClasse=3, sezione=X, articolazione=A}, tipo=e, data=0.0.0, motivazione=vhDvMayOYG, annotazioni=TpEBqfFYvk, numeroCircolare=0}☺
☺Circolare{classe=Classe{annoClasse=3, sezione=X, articolazione=A}, tipo=e, data=0.0.0, motivazione=RsxNHPrWMN, annotazioni=YgypjWIlxF, numeroCircolare=0}☺
☺Circolare{classe=Classe{annoClasse=3, sezione=X, articolazione=A}, tipo=e, data=0.0.0, motivazione=iYcRDoFyeM, annotazioni=rQRUHYULuf, numeroCircolare=0}☺
☺Circolare{classe=Classe{annoClasse=3, sezione=X, articolazione=A}, tipo=e, data=0.0.0, motivazione=FLuAopEvMW, annotazioni=sntlfcNDom, numeroCircolare=0}☺
☺Circolare{classe=Classe{annoClasse=3, sezione=X, articolazione=A}, tipo=e, data=0.0.0, motivazione=eyjFaLHnsh, annotazioni=pnvpqUPUyn, numeroCircolare=0}☺
☺Circolare{classe=Classe{annoClasse=3, sezione=X, articolazione=A}, tipo=e, data=0.0.0, motivazione=RtIGgqlXWn, annotazioni=wYDYebITEq, numeroCircolare=0}☺
☺Circolare{classe=Classe{annoClasse=3, sezione=X, articolazione=A}, tipo=e, data=0.0.0, motivazione=OlcLivZgkb, annotazioni=MerXjFrAWR, numeroCircolare=0}☺
☺Circolare{classe=Classe{annoClasse=3, sezione=X, articolazione=A}, tipo=e, data=0.0.0, motivazione=NbYlhfqIWY, annotazioni=XIfKtUDxhj, numeroCircolare=0}☺
☺Circolare{classe=Classe{annoClasse=3, sezione=X, articolazione=A}, tipo=e, data=0.0.0, motivazione=JETYvfgVjg, annotazioni=IvCtOTnEhr, numeroCircolare=0}☺
☺Circolare{classe=Classe{annoClasse=3, sezione=X, articolazione=A}, tipo=e, data=0.0.0, motivazione=gngnbmpQxV, annotazioni=rrWAaCyHfU, numeroCircolare=0}☺
☺Circolare{classe=Classe{annoClasse=3, sezione=X, articolazione=A}, tipo=e, data=0.0.0, motivazione=bOMesGYdWK, annotazioni=OtibYtjuJg, numeroCircolare=0}☺
☺Circolare{classe=Classe{annoClasse=3, sezione=X, articolazione=A}, tipo=e, data=0.0.0, motivazione=qMRKJFNgwS, annotazioni=oJIQmyLUEj, numeroCircolare=0}☺
☺Circolare{classe=Classe{annoClasse=3, sezione=X, articolazione=A}, tipo=e, data=0.0.0, motivazione=dvbdTlCCik, annotazioni=jRcNsqORbg, numeroCircolare=0}☺
☺Circolare{classe=Classe{annoClasse=3, sezione=X, articolazione=A}, tipo=e, data=0.0.0, motivazione=TxAsGkfzNz, annotazioni=rlWESwlvZj, numeroCircolare=0}☺
☺Circolare{classe=Classe{annoClasse=3, sezione=X, articolazione=A}, tipo=e, data=0.0.0, motivazione=XvWIxqMDiB, annotazioni=srUYIHGchJ, numeroCircolare=0}☺
☺Circolare{classe=Classe{annoClasse=3, sezione=X, articolazione=A}, tipo=e, data=0.0.0, motivazione=yGcIAXBAUS, annotazioni=OCweFiaBGl, numeroCircolare=0}☺
☺Circolare{classe=Classe{annoClasse=3, sezione=X, articolazione=A}, tipo=e, data=0.0.0, motivazione=YyZjsUpMel, annotazioni=SGvcWZkmRR, numeroCircolare=0}☺
☺Circolare{classe=Classe{annoClasse=3, sezione=X, articolazione=A}, tipo=e, data=0.0.0, motivazione=PrvqAnmlWQ, annotazioni=oWCPsrHnOM, numeroCircolare=0}☺
☺Circolare{classe=Classe{annoClasse=3, sezione=X, articolazione=A}, tipo=e, data=0.0.0, motivazione=CgdtrAkSRg, annotazioni=nhAOjnUoVO, numeroCircolare=0}☺
☺Circolare{classe=Classe{annoClasse=3, sezione=X, articolazione=A}, tipo=e, data=0.0.0, motivazione=QpAyONMdzN, annotazioni=CnRQKydmWH, numeroCircolare=0}☺
☺Circolare{classe=Classe{annoClasse=3, sezione=X, articolazione=A}, tipo=e, data=0.0.0, motivazione=szvCJSjPzZ, annotazioni=RjOHvrjbsb, numeroCircolare=0}☺
☺Circolare{classe=Classe{annoClasse=3, sezione=X, articolazione=A}, tipo=e, data=0.0.0, motivazione=XcNgOUPfEk, annotazioni=KmXymrhkDJ, numeroCircolare=0}☺
☺Circolare{classe=Classe{annoClasse=3, sezione=X, articolazione=A}, tipo=e, data=0.0.0, motivazione=UWRyuJvuRK, annotazioni=UxiEKVJerP, numeroCircolare=0}☺
☺Circolare{classe=Classe{annoClasse=3, sezione=X, articolazione=A}, tipo=e, data=0.0.0, motivazione=UNunfHHQbg, annotazioni=DfscMApmGj, numeroCircolare=0}☺
☺Circolare{classe=Classe{annoClasse=3, sezione=X, articolazione=A}, tipo=e, data=0.0.0, motivazione=bZemEDRloA, annotazioni=KcOuIjUfmV, numeroCircolare=0}☺
☺Circolare{classe=Classe{annoClasse=3, sezione=X, articolazione=A}, tipo=e, data=0.0.0, motivazione=BhRADVzZKo, annotazioni=omBmHdwaXd, numeroCircolare=0}☺
☺Circolare{classe=Classe{annoClasse=3, sezione=X, articolazione=A}, tipo=e, data=0.0.0, motivazione=OJvqeApskk, annotazioni=zPCaKvWVHY, numeroCircolare=0}☺
☺Circolare{classe=Classe{annoClasse=3, sezione=X, articolazione=A}, tipo=e, data=0.0.0, motivazione=WDERPYCSuF, annotazioni=tLxIkthKRr, numeroCircolare=0}☺
☺Circolare{classe=Classe{annoClasse=3, sezione=X, articolazione=A}, tipo=e, data=0.0.0, motivazione=LsLeqHrUUi, annotazioni=WDMOsSqlnk, numeroCircolare=0}☺
☺Circolare{classe=Classe{annoClasse=3, sezione=X, articolazione=A}, tipo=e, data=0.0.0, motivazione=HCYXsbgvFP, annotazioni=jIZdnKdLNm, numeroCircolare=0}☺
☺Circolare{classe=Classe{annoClasse=3, sezione=X, articolazione=A}, tipo=e, data=0.0.0, motivazione=PIkdmHbKeZ, annotazioni=KkiPWiLPIO, numeroCircolare=0}☺
☺Circolare{classe=Classe{annoClasse=3, sezione=X, articolazione=A}, tipo=e, data=0.0.0, motivazione=RfpycYaaZk, annotazioni=nLNcowfqpK, numeroCircolare=0}☺
☺Circolare{classe=Classe{annoClasse=3, sezione=X, articolazione=A}, tipo=e, data=0.0.0, motivazione=FziqbEoahD, annotazioni=arPoBFCfYu, numeroCircolare=0}☺
☺Circolare{classe=Classe{annoClasse=3, sezione=X, articolazione=A}, tipo=e, data=0.0.0, motivazione=eXZxpVihHu, annotazioni=eHbkdlUgPO, numeroCircolare=0}☺
☺Circolare{classe=Classe{annoClasse=3, sezione=X, articolazione=A}, tipo=e, data=0.0.0, motivazione=kNsiMRgxAZ, annotazioni=VOapkUuvoN, numeroCircolare=0}☺
☺Circolare{classe=Classe{annoClasse=3, sezione=X, articolazione=A}, tipo=e, data=0.0.0, motivazione=nGYGJGCzmR, annotazioni=hMQQCMVOHL, numeroCircolare=0}☺
☺Circolare{classe=Classe{annoClasse=3, sezione=X, articolazione=A}, tipo=e, data=0.0.0, motivazione=JckZUdHKcf, annotazioni=USTUyqyyFq, numeroCircolare=0}☺
☺Circolare{classe=Classe{annoClasse=3, sezione=X, articolazione=A}, tipo=e, data=0.0.0, motivazione=DwkpzIIJNr, annotazioni=FgiWWmLpdg, numeroCircolare=0}☺
☺Circolare{classe=Classe{annoClasse=3, sezione=X, articolazione=A}, tipo=e, data=0.0.0, motivazione=amibWGXjhl, annotazioni=XgluxJVohI, numeroCircolare=0}☺
☺Circolare{classe=Classe{annoClasse=3, sezione=X, articolazione=A}, tipo=e, data=0.0.0, motivazione=nKWYJIDkZX, annotazioni=kdBkrpVOcu, numeroCircolare=0}☺
☺Circolare{classe=Classe{annoClasse=3, sezione=X, articolazione=A}, tipo=e, data=0.0.0, motivazione=tvjHNrvkqe, annotazioni=NdYIByiVdK, numeroCircolare=0}☺
☺Circolare{classe=Classe{annoClasse=3, sezione=X, articolazione=A}, tipo=e, data=0.0.0, motivazione=eeJlcMqrtc, annotazioni=nHGWGuMyeo, numeroCircolare=0}☺
☺Circolare{classe=Classe{annoClasse=3, sezione=X, articolazione=A}, tipo=e, data=0.0.0, motivazione=rdvBeWMvjS, annotazioni=HWXuGMzyYq, numeroCircolare=0}☺
☺Circolare{classe=Classe{annoClasse=3, sezione=X, articolazione=A}, tipo=e, data=0.0.0, motivazione=RjlJNVAprw, annotazioni=tcLZKMbuxB, numeroCircolare=0}☺
☺Circolare{classe=Classe{annoClasse=3, sezione=X, articolazione=A}, tipo=e, data=0.0.0, motivazione=fzFbRnfWAc, annotazioni=YLbYyrNEfx, numeroCircolare=0}☺
☺Circolare{classe=Classe{annoClasse=3, sezione=X, articolazione=A}, tipo=e, data=0.0.0, motivazione=vQNDGxgTEQ, annotazioni=IbxfJqHgOj, numeroCircolare=0}☺
☺Circolare{classe=Classe{annoClasse=3, sezione=X, articolazione=A}, tipo=e, data=0.0.0, motivazione=NDQWdkvRPS, annotazioni=ZoxrSMgwdT, numeroCircolare=0}☺
☺Circolare{classe=Classe{annoClasse=3, sezione=X, articolazione=A}, tipo=e, data=0.0.0, motivazione=JsAfZgyGvs, annotazioni=FKjpmKdVqQ, numeroCircolare=0}☺
☺Circolare{classe=Classe{annoClasse=3, sezione=X, articolazione=A}, tipo=e, data=0.0.0, motivazione=szJyWezAPs, annotazioni=IXFFrxQmeo, numeroCircolare=0}☺
☺Circolare{classe=Classe{annoClasse=3, sezione=X, articolazione=A}, tipo=e, data=0.0.0, motivazione=nCrkQpFfki, annotazioni=lVObyzPLnJ, numeroCircolare=0}☺
☺Circolare{classe=Classe{annoClasse=3, sezione=X, articolazione=A}, tipo=e, data=0.0.0, motivazione=FVonKIFXyI, annotazioni=qyCNEVwOHm, numeroCircolare=0}☺
☺Circolare{classe=Classe{annoClasse=3, sezione=X, articolazione=A}, tipo=e, data=0.0.0, motivazione=DftXYvmUgL, annotazioni=pIqALEmnQC, numeroCircolare=0}☺
☺Circolare{classe=Classe{annoClasse=3, sezione=X, articolazione=A}, tipo=e, data=0.0.0, motivazione=YAhFUdtkcr, annotazioni=xskpqdPwSg, numeroCircolare=0}☺
☺Circolare{classe=Classe{annoClasse=3, sezione=X, articolazione=A}, tipo=e, data=0.0.0, motivazione=kAydGrtbYq, annotazioni=jLqbTdXzUz, numeroCircolare=0}☺
☺Circolare{classe=Classe{annoClasse=3, sezione=X, articolazione=A}, tipo=e, data=0.0.0, motivazione=AxNdzeQNHI, annotazioni=xjaFcmsWvl, numeroCircolare=0}☺
☺Circolare{classe=Classe{annoClasse=3, sezione=X, articolazione=A}, tipo=e, data=0.0.0, motivazione=iCeayruRoH, annotazioni=NhCcvhXicD, numeroCircolare=0}☺
☺Circolare{classe=Classe{annoClasse=3, sezione=X, articolazione=A}, tipo=e, data=0.0.0, motivazione=lePQWQmtPo, annotazioni=VxpHYQfTwM, numeroCircolare=0}☺
☺Circolare{classe=Classe{annoClasse=3, sezione=X, articolazione=A}, tipo=e, data=0.0.0, motivazione=OtgmcSHjHd, annotazioni=QwZUStXbGC, numeroCircolare=0}☺
☺Circolare{classe=Classe{annoClasse=3, sezione=X, articolazione=A}, tipo=e, data=0.0.0, motivazione=vrFCkeDkpk, annotazioni=fRnCJEQWEh, numeroCircolare=0}☺
☺Circolare{classe=Classe{annoClasse=3, sezione=X, articolazione=A}, tipo=e, data=0.0.0, motivazione=LRaIkIEMRc, annotazioni=cVIxYfpYJs, numeroCircolare=0}☺
☺Circolare{classe=Classe{annoClasse=3, sezione=X, articolazione=A}, tipo=e, data=0.0.0, motivazione=UGiiEXNjpO, annotazioni=fiINXRbzys, numeroCircolare=0}☺
☺Circolare{classe=Classe{annoClasse=3, sezione=X, articolazione=A}, tipo=e, data=0.0.0, motivazione=EtkkdsMqBE, annotazioni=ivrlCRYdYK, numeroCircolare=0}☺
☺Circolare{classe=Classe{annoClasse=3, sezione=X, articolazione=A}, tipo=e, data=0.0.0, motivazione=jKXAZBVFrv, annotazioni=fAqAdZUDOE, numeroCircolare=0}☺
☺Circolare{classe=Classe{annoClasse=3, sezione=X, articolazione=A}, tipo=e, data=0.0.0, motivazione=afejUaLdMt, annotazioni=XzASnlytOO, numeroCircolare=0}☺
☺Circolare{classe=Classe{annoClasse=3, sezione=X, articolazione=A}, tipo=e, data=0.0.0, motivazione=YnKlaJMbQQ, annotazioni=ZmRLLrbAlq, numeroCircolare=0}☺
☺Circolare{classe=Classe{annoClasse=3, sezione=X, articolazione=A}, tipo=e, data=0.0.0, motivazione=PLSSKGXGuu, annotazioni=zWYKMXNjrs, numeroCircolare=0}☺
☺Circolare{classe=Classe{annoClasse=3, sezione=X, articolazione=A}, tipo=e, data=0.0.0, motivazione=iqgbcjSzMs, annotazioni=RlCExkNWRJ, numeroCircolare=0}☺
☺Circolare{classe=Classe{annoClasse=3, sezione=X, articolazione=A}, tipo=e, data=0.0.0, motivazione=EnyOpCldSU, annotazioni=jEoWabIGCq, numeroCircolare=0}☺
☺Circolare{classe=Classe{annoClasse=3, sezione=X, articolazione=A}, tipo=e, data=0.0.0, motivazione=ZrIztnKDvQ, annotazioni=eEEpLMsRaQ, numeroCircolare=0}☺
☺Circolare{classe=Classe{annoClasse=3, sezione=X, articolazione=A}, tipo=e, data=0.0.0, motivazione=khNUOfhhNw, annotazioni=qqkRcYQiwP, numeroCircolare=0}☺
☺Circolare{classe=Classe{annoClasse=3, sezione=X, articolazione=A}, tipo=e, data=0.0.0, motivazione=EbVIbgBBlb, annotazioni=NemyElRhpY, numeroCircolare=0}☺
☺Circolare{classe=Classe{annoClasse=3, sezione=X, articolazione=A}, tipo=e, data=0.0.0, motivazione=urSmMiTCdZ, annotazioni=AKJbovPDeh, numeroCircolare=0}☺
☺Circolare{classe=Classe{annoClasse=3, sezione=X, articolazione=A}, tipo=e, data=0.0.0, motivazione=myAlefWDKA, annotazioni=dgSUoOJtRP, numeroCircolare=0}☺
☺Circolare{classe=Classe{annoClasse=3, sezione=X, articolazione=A}, tipo=e, data=0.0.0, motivazione=rRbkQtkFBp, annotazioni=PuMNfSmEjJ, numeroCircolare=0}☺
☺Circolare{classe=Classe{annoClasse=3, sezione=X, articolazione=A}, tipo=e, data=0.0.0, motivazione=QfsZnntGhX, annotazioni=SZBrrWdTal, numeroCircolare=0}☺
☺Circolare{classe=Classe{annoClasse=3, sezione=X, articolazione=A}, tipo=e, data=0.0.0, motivazione=VOoYaKxIrF, annotazioni=JLEagwZKsu, numeroCircolare=0}☺
☺Circolare{classe=Classe{annoClasse=3, sezione=X, articolazione=A}, tipo=e, data=0.0.0, motivazione=mGZNcySVhT, annotazioni=MfkuXDZnmG, numeroCircolare=0}☺
☺Circolare{classe=Classe{annoClasse=3, sezione=X, articolazione=A}, tipo=e, data=0.0.0, motivazione=FUzIHWZrXE, annotazioni=qsqPLKbKVd, numeroCircolare=0}☺
☺Circolare{classe=Classe{annoClasse=3, sezione=X, articolazione=A}, tipo=e, data=0.0.0, motivazione=ummtEmjSkT, annotazioni=suuGSFrtZX, numeroCircolare=0}☺
☺Circolare{classe=Classe{annoClasse=3, sezione=X, articolazione=A}, tipo=e, data=0.0.0, motivazione=OCboJegJDu, annotazioni=BolJRkcNIt, numeroCircolare=0}☺
☺Circolare{classe=Classe{annoClasse=3, sezione=X, articolazione=A}, tipo=e, data=0.0.0, motivazione=tcmMIbTgmw, annotazioni=INXuUhHReE, numeroCircolare=0}☺
☺Circolare{classe=Classe{annoClasse=3, sezione=X, articolazione=A}, tipo=e, data=0.0.0, motivazione=kWypIPkFBd, annotazioni=UvHiocSodG, numeroCircolare=0}☺
☺Circolare{classe=Classe{annoClasse=3, sezione=X, articolazione=A}, tipo=e, data=0.0.0, motivazione=woPgupnkXs, annotazioni=RpYbOHOekh, numeroCircolare=0}☺
☺Circolare{classe=Classe{annoClasse=3, sezione=X, articolazione=A}, tipo=e, data=0.0.0, motivazione=LkZciYPfWb, annotazioni=JGIcXXOeZX, numeroCircolare=0}☺
☺Circolare{classe=Classe{annoClasse=3, sezione=X, articolazione=A}, tipo=e, data=0.0.0, motivazione=iaAcfZOHgT, annotazioni=CiGMIUExxe, numeroCircolare=0}☺
☺Circolare{classe=Classe{annoClasse=3, sezione=X, articolazione=A}, tipo=e, data=0.0.0, motivazione=uUpDvskzDD, annotazioni=gfFLApxoHI, numeroCircolare=0}☺
☺Circolare{classe=Classe{annoClasse=3, sezione=X, articolazione=A}, tipo=e, data=0.0.0, motivazione=GDpkCVKixS, annotazioni=YWhagUSPWX, numeroCircolare=0}☺
☺Circolare{classe=Classe{annoClasse=3, sezione=X, articolazione=A}, tipo=e, data=0.0.0, motivazione=UktQlgKsBr, annotazioni=oponcIbAyp, numeroCircolare=0}☺
☺Circolare{classe=Classe{annoClasse=3, sezione=X, articolazione=A}, tipo=e, data=0.0.0, motivazione=WpKQYDSkxd, annotazioni=AzysGGMSuW, numeroCircolare=0}☺
☺Circolare{classe=Classe{annoClasse=3, sezione=X, articolazione=A}, tipo=e, data=0.0.0, motivazione=fBWpZBuoDd, annotazioni=faFvfotuGv, numeroCircolare=0}☺
☺Circolare{classe=Classe{annoClasse=3, sezione=X, articolazione=A}, tipo=e, data=0.0.0, motivazione=KRkNaOvuzn, annotazioni=HciXOPBnZS, numeroCircolare=0}☺
